HORA, PRECIO, COLOR
00,0.15085,V
01,0.13383,V
02,0.13602,V
03,0.13444,V
04,0.13266,V
05,0.15036,V
06,0.15895,V
07,0.15799,V
08,0.17964,N
09,0.16341,V
10,0.20019,N
11,0.19018,N
12,0.18882,N
13,0.19166,N
14,0.14104,V
15,0.14281,V
16,0.14474,V
17,0.14736,V
18,0.1936,N
19,0.22105,R
20,0.23272,R
21,0.23858,R
22,0.18962,N
23,0.1913,N
